2024-04-14 15:38:18.742896,https://www.cimba.ai
2024-04-14 15:45:13.89356,https://www.cimba.ai
2024-04-14 15:55:16.734062,https://www.cimba.ai
2024-04-14 16:05:37.613633,https://www.cimba.ai
2024-04-21 17:20:17.665309,https://xhamster.desi/search/xvideos
2024-04-21 17:31:59.893953,https://xhamster.desi/search/xvideos
2024-04-21 17:32:58.061061,https://xhamster.desi/search/xvideos
2024-04-22 16:12:16.865412,https://https://www.linkedin.com/
2024-04-22 16:12:36.72886,https://www.linkedin.com/
2024-04-22 17:44:03.440129,https://www.cimba.ai/
2024-04-22 23:41:52.13102,https://linkedin.com
2024-04-23 00:04:18.688365,https://openai.com/
2024-04-23 00:10:02.42698,https://openai.com/
2024-04-23 00:11:14.539913,https://linkedin.com
2024-04-23 00:21:51.205412,cimba.ai
2024-04-23 00:26:28.395307,cimba.ai
2024-04-23 00:43:23.340522,https://linkedin.com
2024-04-23 00:47:50.469158,cimba.ai
2024-04-23 00:55:48.283096,https://linkedin.com///
2024-04-23 00:56:10.135713,https://linkedin.com
2024-05-10 18:32:08.341905,https://youtube.com/
2024-05-10 18:33:12.774546,linkedin.com
2024-05-10 18:41:08.893011,linkedin.com
2024-05-10 18:41:30.67706,linkedin.com
